﻿<?xml version="1.0" encoding="utf-8"?>
<?xml-stylesheet type="text/css" href="style.css"?>
<!DOCTYPE website [
  <!ELEMENT website (welcome,pictures_and_video,game,contact)>
  <!ELEMENT welcome (definision,plan,goal,how_to_play)>
  <!ELEMENT definision (#PCDATA)>
  <!ELEMENT plan (#PCDATA)>
  <!ELEMENT goal (#PCDATA)>
  <!ELEMENT how_to_play  (#PCDATA)>
  <!ELEMENT pictures_and_video (picture1,picture2,picture3,video)>
  <!ELEMENT picture1 (#PCDATA)>
  <!ELEMENT picture2 (#PCDATA)>
  <!ELEMENT picture3 (#PCDATA)>
  <!ELEMENT video (#PCDATA)>
  <!ELEMENT game (grids,putX,putO)>
  <!ELEMENT grids (#PCDATA)>
  <!ELEMENT putX (#PCDATA)>
  <!ELEMENT putO (#PCDATA)>
  <!ELEMENT contact (#PCDATA)>
]>
<website>
  <welcome>
    <definision>definision of game</definision>
    <plan>plan to game</plan>
    <goal>the goal of the game</goal>
    <how_to_play>hot to plat the game</how_to_play>
  </welcome>
  <pictures_and_video>
    <picture1>picture 1</picture1>
    <picture2>picture 2</picture2>
    <picture3>picture 3</picture3>
    <video>video</video>
  </pictures_and_video>
  <game>
    <grids>grids</grids>
    <putX>the first player puts X</putX>
    <putO>the second player puts O</putO>
  </game>
  <contact>the player write an opinion about the game</contact>
</website>